,1,2,3,4,5,6,7,8,9,10,11,12,13,14,15,16,17,18,19,20,21,22,23,24,25,26,27,28,29,30,31,32,33,34,35,36,37,38,39,40,41,42,43,44,45,46,47,48,49,50,51
1000.891,0.42086204,0.42295434,0.42556432,0.42824476,0.43138873,0.43445705,0.43746041,0.44061139,0.44437284,0.4476117,0.4512525,0.45460133,0.45814925,0.46101906,0.46407208,0.46782736,0.47175173,0.47591858,0.48056884,0.48499484,0.49047759,0.49808333,0.50538827,0.51415694,0.52317858,0.53262687,0.54227392,0.5513635,0.55869026,0.562467,0.56127184,0.55921777,0.55662358,0.55195322,0.54843826,0.54385284,0.53906443,0.53357628,0.52681209,0.5203415,0.51242742,0.50426588,0.49600003,0.48727287,0.48005742,0.47468658,0.47130259,0.46934996,0.4680096,0.46878244,0.46999382
1002.819,0.43037114,0.43212314,0.43457092,0.43702516,0.43990603,0.44297075,0.44569271,0.44888329,0.45235944,0.4555074,0.4589353,0.46216723,0.46558075,0.46840856,0.47124678,0.47482986,0.47860763,0.48262678,0.48720614,0.49144294,0.49667589,0.50408143,0.51117297,0.51967084,0.52831268,0.53755127,0.54673072,0.5553971,0.56242866,0.5657482,0.56441884,0.56201307,0.55915618,0.55427612,0.55013316,0.54523374,0.54013233,0.53430438,0.52729669,0.5204288,0.51216412,0.50371538,0.49503843,0.48635127,0.47895972,0.47337868,0.46991449,0.46780976,0.4665988,0.46715024,0.46834662
1004.748,0.44059594,0.44215634,0.44414332,0.44660146,0.44934813,0.45209395,0.45480011,0.45774519,0.46110994,0.4640168,0.4673085,0.47040093,0.47351555,0.47627986,0.47911068,0.48245566,0.48603983,0.49006398,0.49450444,0.49860434,0.50366759,0.51063733,0.51732277,0.52578494,0.53401408,0.54284977,0.55152442,0.5597536,0.56655746,0.5694505,0.56780604,0.56485907,0.56171828,0.55643402,0.55218396,0.54665994,0.54123743,0.53513458,0.52767789,0.5205226,0.51215332,0.50337848,0.49487753,0.48589827,0.47831402,0.47256748,0.46903829,0.46670326,0.4654326,0.46588084,0.46717242
1006.676,0.45135904,0.45259484,0.45436182,0.45657276,0.45915283,0.46170365,0.46412871,0.46690729,0.47019274,0.4728992,0.4760023,0.47888463,0.48199835,0.48458976,0.48716928,0.49051456,0.49407703,0.49779538,0.50210624,0.50613474,0.51083659,0.51788023,0.52427457,0.53209604,0.54017658,0.54859087,0.55687402,0.5646876,0.57096936,0.5736724,0.57178024,0.56843407,0.56510668,0.55934742,0.55463566,0.54867594,0.54303793,0.53653488,0.52894079,0.521553,0.51275882,0.50407328,0.49536843,0.48615047,0.47841612,0.47264158,0.46895459,0.46665406,0.4652176,0.46559424,0.46657882
1008.605,0.46340584,0.46420264,0.46565442,0.46763606,0.46991603,0.47232835,0.47434161,0.47708419,0.48012494,0.482531,0.4854995,0.48825253,0.49117615,0.49336306,0.49595008,0.49910236,0.50256913,0.50619208,0.51022134,0.51423804,0.51880779,0.52559153,0.53155927,0.53916124,0.54672978,0.55469537,0.56270212,0.5700108,0.57592476,0.578364,0.57597364,0.57268247,0.56872878,0.56267122,0.55765806,0.55153654,0.54533313,0.53857398,0.53070459,0.5232331,0.51414922,0.50533988,0.49634093,0.48704737,0.47927492,0.47322448,0.46941069,0.46694056,0.4653652,0.46594824,0.46679352
1010.533,0.47628664,0.47672154,0.47795112,0.47956526,0.48164203,0.48388555,0.48576821,0.48792849,0.49087354,0.4930681,0.495635,0.49831013,0.50106655,0.50313096,0.50541358,0.50848026,0.51188463,0.51520898,0.51929894,0.52293994,0.52737089,0.53370723,0.53953827,0.54675004,0.55390368,0.56154677,0.56915322,0.5761382,0.58149446,0.5835588,0.58090224,0.57723447,0.57298288,0.56658472,0.56111816,0.55467264,0.54808153,0.54107938,0.53287359,0.5250046,0.51596172,0.50678718,0.49736603,0.48811307,0.48019112,0.47396858,0.47013389,0.46762336,0.4659481,0.46632144,0.46714262
1012.462,0.48923104,0.48948124,0.49042132,0.49181106,0.49348963,0.49541535,0.49690341,0.49900469,0.50151374,0.503421,0.506066,0.50841313,0.51080625,0.51280656,0.51504088,0.51771336,0.52109963,0.52437168,0.52843884,0.53193124,0.53611879,0.54218773,0.54759727,0.55452674,0.56154568,0.56860927,0.57589222,0.5824998,0.58762766,0.5895097,0.58654074,0.58235187,0.57784748,0.57102012,0.56503246,0.55832814,0.55135543,0.54386708,0.53548669,0.5272136,0.51794862,0.50851138,0.49909113,0.48957807,0.48152042,0.47529858,0.47128659,0.46860086,0.4667152,0.46689904,0.46749282
1014.39,0.50242944,0.50217184,0.50287752,0.50394646,0.50544673,0.50707865,0.50838981,0.51015259,0.51233274,0.5141018,0.516367,0.51843543,0.52063355,0.52233716,0.52428638,0.52712326,0.53011053,0.53338318,0.53718554,0.54046194,0.54469939,0.55056723,0.55575547,0.56237824,0.56897998,0.57583127,0.58286312,0.5891338,0.59402166,0.5956855,0.59222944,0.58795007,0.58294418,0.57571262,0.56924686,0.56198534,0.55484133,0.54697288,0.53823209,0.5297075,0.52013862,0.51038858,0.50086573,0.49103177,0.48264152,0.47625238,0.47183129,0.46919816,0.4672069,0.46714464,0.46799262
1016.319,0.51547534,0.51499184,0.51545382,0.51619056,0.51750583,0.51878875,0.51973581,0.52140249,0.52320744,0.524582,0.5264588,0.52827953,0.53033935,0.53193816,0.53360278,0.53622056,0.53910413,0.54225678,0.54609154,0.54919084,0.55313759,0.55881373,0.56382367,0.57034034,0.57684698,0.58339097,0.59035442,0.5964358,0.60119696,0.602476,0.59877194,0.59381927,0.58856168,0.58083172,0.57421186,0.56630584,0.55872613,0.55038948,0.54112639,0.5321441,0.52230752,0.51239828,0.50241733,0.49231207,0.48378152,0.47716008,0.47274879,0.46974396,0.4677096,0.46765464,0.46810752
1018.247,0.52688254,0.52621784,0.52636342,0.52702776,0.52808903,0.52900355,0.52984661,0.53104129,0.53276094,0.5339626,0.5356439,0.53722803,0.53918525,0.54054756,0.54205798,0.54462686,0.54750273,0.55046708,0.55417744,0.55729284,0.56110979,0.56682733,0.57180277,0.57823694,0.58448538,0.59116327,0.59791072,0.6039734,0.60851706,0.6097275,0.60538144,0.60005827,0.59427968,0.58616222,0.57901096,0.57064054,0.56257433,0.55381338,0.54403609,0.5347752,0.52449512,0.51402528,0.50390513,0.49375087,0.48478472,0.47801838,0.47339209,0.47032266,0.4679965,0.46775944,0.46800032
1020.176,0.53692084,0.53621104,0.53619452,0.53668656,0.53742253,0.53838765,0.53875891,0.53967909,0.54116794,0.5422133,0.5437097,0.54507483,0.54692695,0.54795396,0.54947258,0.55195376,0.55483893,0.55784608,0.56137594,0.56469844,0.56836809,0.57403603,0.57912367,0.58541114,0.59157078,0.59829787,0.60504802,0.6113024,0.61585326,0.6166061,0.61198404,0.60644667,0.59988648,0.59140822,0.58381776,0.57504984,0.56644363,0.55727508,0.54708449,0.5374306,0.52657902,0.51598578,0.50535383,0.49483717,0.48573692,0.47864088,0.47395879,0.47058326,0.4681164,0.46772274,0.46775172
1022.104,0.54600594,0.54508074,0.54510352,0.54529296,0.54596083,0.54673855,0.54694961,0.54773289,0.54905734,0.5498312,0.5510831,0.55246153,0.55409095,0.55522556,0.55659108,0.55908486,0.56172313,0.56469998,0.56848794,0.57170414,0.57541579,0.58125733,0.58603097,0.59258584,0.59891198,0.60572437,0.61253002,0.6186018,0.62337086,0.6238319,0.61890374,0.61257087,0.60567718,0.59654122,0.58860946,0.57926154,0.57004003,0.56036998,0.54981059,0.5397061,0.52859832,0.51746138,0.50654353,0.49575617,0.48631572,0.47910818,0.47415149,0.47060356,0.4678102,0.46729864,0.46707702
1024.033,0.55310834,0.55227554,0.55209322,0.55226586,0.55290333,0.55357165,0.55366721,0.55443169,0.55562414,0.556527,0.5576854,0.55897023,0.56055195,0.56159276,0.56302738,0.56531596,0.56810633,0.57117378,0.57482694,0.57806964,0.58190879,0.58782873,0.59287427,0.59944694,0.60580568,0.61279477,0.61976512,0.6262763,0.63099776,0.6311094,0.62571784,0.61880527,0.61148428,0.60174942,0.59319446,0.58331034,0.57351043,0.56339308,0.55236249,0.5416905,0.53004072,0.51868878,0.50754113,0.49627907,0.48658032,0.47898588,0.47355059,0.46986066,0.466882,0.46596464,0.46564382
1025.961,0.55950984,0.55876244,0.55861212,0.55874826,0.55943493,0.55979225,0.55990101,0.56061529,0.56168334,0.5625387,0.5637358,0.56503523,0.56653835,0.56758776,0.56902438,0.57124796,0.57423563,0.57741048,0.58114914,0.58455284,0.58846019,0.59455323,0.59959187,0.60628364,0.61266988,0.61983297,0.62695972,0.6336256,0.63819966,0.6380372,0.63227324,0.62457457,0.61685818,0.60663752,0.59737016,0.58689514,0.57679903,0.56601108,0.55438459,0.5432971,0.53133102,0.51948088,0.50788253,0.49641747,0.48643802,0.47855288,0.47294709,0.46889496,0.4657211,0.46448664,0.46400672
1027.89,0.56599044,0.56532524,0.56508662,0.56544866,0.56590473,0.56652205,0.56656621,0.56729539,0.56828284,0.5690471,0.5701426,0.57154243,0.57304365,0.57405376,0.57540988,0.57773626,0.58059643,0.58387118,0.58772314,0.59112874,0.59521069,0.60113973,0.60620697,0.61303934,0.61972598,0.62678847,0.63393762,0.6407572,0.64535116,0.6450992,0.63862474,0.63057347,0.62220818,0.61128722,0.60151136,0.59042734,0.57966353,0.56832948,0.55617399,0.5446691,0.53225422,0.52018208,0.50824423,0.49642827,0.48625252,0.47807118,0.47233049,0.46810236,0.4649766,0.46358794,0.46311152
1029.818,0.57252314,0.57182814,0.57184712,0.57208466,0.57261983,0.57318225,0.57328881,0.57418989,0.57522144,0.5759215,0.577032,0.57836463,0.57993435,0.58092776,0.58242368,0.58471816,0.58773013,0.59080708,0.59471644,0.59821534,0.60235939,0.60815493,0.61343477,0.62030044,0.62691248,0.63417307,0.64155822,0.64819,0.65281766,0.6520561,0.64520334,0.63638827,0.62725788,0.61572412,0.60516496,0.59363044,0.58217553,0.57051238,0.55779689,0.5458249,0.53333342,0.52083718,0.50874873,0.49669467,0.48643262,0.47812588,0.47235289,0.46811726,0.4646484,0.46323804,0.46257832
1031.747,0.57957954,0.57920134,0.57918012,0.57949796,0.57996923,0.58050895,0.58038141,0.58137379,0.58235414,0.5831397,0.5843057,0.58561623,0.58722935,0.58812106,0.58970828,0.59180206,0.59486883,0.59817548,0.60194304,0.60556744,0.60963159,0.61557463,0.62089417,0.62757814,0.63439118,0.64174127,0.64908992,0.6557489,0.66025496,0.6589289,0.65128984,0.64204957,0.63220378,0.62026442,0.60906346,0.59671224,0.58489513,0.57265218,0.55954379,0.5473456,0.53429362,0.52170708,0.50927503,0.49713577,0.48683152,0.47833008,0.47253459,0.46821956,0.4646724,0.46325054,0.46262982
1033.675,0.58801274,0.58767854,0.58779522,0.58810386,0.58849653,0.58893025,0.58880201,0.58968399,0.59071484,0.5914328,0.5925562,0.59384153,0.59519985,0.59615096,0.59776918,0.59985946,0.60291683,0.60598338,0.60992704,0.61342984,0.61745109,0.62338213,0.62867277,0.63534034,0.64214618,0.64947917,0.65664252,0.6634474,0.66774656,0.6660606,0.65755054,0.64770237,0.63728108,0.62447362,0.61275366,0.59984074,0.58737193,0.57465638,0.56107969,0.5485938,0.53513822,0.52240248,0.50982793,0.49769627,0.48732452,0.47879608,0.47287419,0.46849296,0.4650168,0.46369794,0.46298632
1035.604,0.59699234,0.59660734,0.59669992,0.59704276,0.59745093,0.59793225,0.59805841,0.59855749,0.59964144,0.6001853,0.6013724,0.60252963,0.60403135,0.60485026,0.60637728,0.60839086,0.61145753,0.61454448,0.61850274,0.62176504,0.62590249,0.63177023,0.63693717,0.64363654,0.65041678,0.65763717,0.66501392,0.6715496,0.67570736,0.6735771,0.66444114,0.65381287,0.64251008,0.62910192,0.61680576,0.60333834,0.59007693,0.57683638,0.56296069,0.5499652,0.53645732,0.52338058,0.51061753,0.49848087,0.48798952,0.47946708,0.47344929,0.46909576,0.4655643,0.46426494,0.46364872
1037.532,0.60639234,0.60604044,0.60615392,0.60633946,0.60672283,0.60716495,0.60716641,0.60748959,0.60842634,0.608945,0.6101655,0.61136473,0.61257955,0.61358306,0.61492918,0.61693046,0.61985443,0.62299168,0.62686414,0.63018314,0.63419189,0.64016483,0.64519997,0.65192024,0.65840148,0.66584407,0.67308332,0.6799798,0.68358336,0.6809299,0.67127214,0.65987087,0.64790318,0.63387702,0.62081316,0.60666784,0.59308473,0.57931068,0.56486639,0.5516571,0.53796382,0.52468208,0.51193953,0.49949767,0.48903972,0.48031278,0.47432139,0.46983996,0.4663082,0.46487674,0.46418572
1039.461,0.61652904,0.61610634,0.61620312,0.61620466,0.61659483,0.61684615,0.61648211,0.61700499,0.61796194,0.6184208,0.6193945,0.62025143,0.62167075,0.62237456,0.62370818,0.62571816,0.62857243,0.63154278,0.63538144,0.63870294,0.64265929,0.64841983,0.65358307,0.66021424,0.66666838,0.67399477,0.68132222,0.6882086,0.69194256,0.6887394,0.67821884,0.66622217,0.65371928,0.63886762,0.62527616,0.61041054,0.59620253,0.58215448,0.56741059,0.5535322,0.53950052,0.52610778,0.51299453,0.50063697,0.48990092,0.48119658,0.47514529,0.47062896,0.4670869,0.46559764,0.46497312
1041.389,0.62663924,0.62607214,0.62598822,0.62593076,0.62630903,0.62645915,0.62611111,0.62655699,0.62739034,0.6278147,0.6285445,0.62954893,0.63071005,0.63158986,0.63272178,0.63458096,0.63745313,0.64047618,0.64422834,0.64737154,0.65124339,0.65706433,0.66232767,0.66880184,0.67544148,0.68257347,0.68982712,0.6969337,0.70023636,0.6966057,0.68564794,0.67285737,0.65969888,0.64421992,0.62959096,0.61445554,0.59959623,0.58488878,0.56967999,0.555638,0.54099722,0.52750258,0.51423533,0.50167327,0.49083952,0.48220618,0.47597989,0.47135576,0.4678813,0.46634684,0.46580722
1043.318,0.63588954,0.63540294,0.63524512,0.63517156,0.63555613,0.63567385,0.63495951,0.63514749,0.63606634,0.6363847,0.6371372,0.63813493,0.63917735,0.63997276,0.64099128,0.64313516,0.64586753,0.64885328,0.65257474,0.65581754,0.65978479,0.66541233,0.67053817,0.67715104,0.68384988,0.69118467,0.69843862,0.7053379,0.70862366,0.7045706,0.69260304,0.67923007,0.66548068,0.64937012,0.63404026,0.61814394,0.60296223,0.58751678,0.57192069,0.557682,0.54298902,0.52908198,0.51567153,0.50300097,0.49203482,0.48313018,0.47686649,0.47222766,0.4684501,0.46704664,0.46633622
1045.246,0.64565144,0.64518244,0.64506992,0.64508856,0.64506583,0.64490465,0.64433061,0.64443339,0.64528474,0.6453533,0.6462217,0.64715023,0.64809105,0.64878406,0.64990388,0.65175846,0.65459823,0.65727368,0.66117474,0.66439464,0.66825499,0.67394263,0.67914557,0.68559064,0.69242508,0.69958817,0.70709862,0.7138083,0.71697816,0.7121369,0.69988364,0.68579997,0.67135348,0.65449622,0.63882836,0.62228814,0.60643113,0.59062898,0.57451719,0.5596325,0.54463292,0.53045418,0.51701973,0.50411477,0.49295042,0.48399958,0.47758469,0.47295566,0.4691844,0.46774894,0.46698042
1047.175,0.65542204,0.65491454,0.65485102,0.65491126,0.65487563,0.65478495,0.65412291,0.65418949,0.65487984,0.6549464,0.6557464,0.65662083,0.65761745,0.65826186,0.65942428,0.66133766,0.66398093,0.66698978,0.67074354,0.67373384,0.67774789,0.68347873,0.68854067,0.69509184,0.70180878,0.70898987,0.71628532,0.7230478,0.72616116,0.720816,0.70781084,0.69306937,0.67784268,0.66016172,0.64378856,0.62675114,0.60998643,0.59373668,0.57716859,0.5617453,0.54642912,0.53189288,0.51820073,0.50501667,0.49376242,0.48462648,0.47819269,0.47341186,0.4696524,0.46803004,0.46740512
1049.103,0.66544654,0.66499904,0.66519192,0.66508846,0.66502793,0.66514355,0.66432061,0.66434859,0.66490584,0.6650868,0.6659785,0.66668373,0.66773895,0.66855196,0.66969168,0.67147956,0.67425453,0.67718868,0.68104754,0.68418384,0.68819499,0.69367803,0.69877007,0.70508474,0.71171008,0.71897197,0.72617492,0.7327092,0.73525276,0.7295793,0.71577514,0.70041527,0.68450728,0.66639722,0.64916506,0.63116294,0.61390913,0.59706908,0.57991939,0.5640966,0.54840472,0.53354158,0.51953693,0.50620957,0.49472042,0.48551698,0.47898409,0.47395426,0.4701394,0.46853134,0.46782072
1051.032,0.67737234,0.67706814,0.67706932,0.67695066,0.67700333,0.67690955,0.67619281,0.67623349,0.67679644,0.6769665,0.6777762,0.67852343,0.67956755,0.68020326,0.68137528,0.68320106,0.68607333,0.68895798,0.69244324,0.69577814,0.69944149,0.70517113,0.70982547,0.71605934,0.72253378,0.72965737,0.73640502,0.7427055,0.74485716,0.7384373,0.72415854,0.70816757,0.69148248,0.67278032,0.65468466,0.63607004,0.61811173,0.60059758,0.58287149,0.5665819,0.55049492,0.53518238,0.52088833,0.50725167,0.49559292,0.48610058,0.47933499,0.47438616,0.4704649,0.46877754,0.46807302
1052.96,0.69109724,0.69082004,0.69109262,0.69105886,0.69106883,0.69097155,0.69015981,0.69027649,0.69071944,0.6908996,0.6916795,0.69236633,0.69331255,0.69416126,0.69514478,0.69709406,0.69982583,0.70258258,0.70612264,0.70909904,0.71253609,0.71810583,0.72263747,0.72862954,0.73491688,0.74136537,0.74773092,0.7535527,0.75507756,0.7482872,0.73325024,0.71645607,0.69921018,0.67954182,0.66078466,0.64134504,0.62270393,0.60444358,0.58617419,0.5691851,0.55263992,0.53696058,0.52232113,0.50854147,0.49645182,0.48685748,0.47985069,0.47474996,0.4707612,0.46902004,0.46820612
1054.889,0.70618374,0.70607554,0.70644662,0.70665176,0.70674083,0.70660415,0.70570551,0.70566919,0.70619164,0.7063803,0.7072207,0.70784963,0.70888005,0.70946076,0.71065848,0.71230466,0.71490043,0.71781908,0.72105604,0.72381634,0.72713569,0.73239453,0.73668547,0.74209924,0.74794278,0.75384417,0.75957052,0.7646624,0.76570256,0.7580261,0.74240904,0.72493947,0.70684388,0.68629432,0.66697066,0.64673944,0.62735123,0.60848568,0.58949219,0.5721504,0.55485932,0.53891788,0.52389233,0.50968157,0.49747172,0.48769268,0.48044239,0.47518966,0.4710478,0.46924734,0.46843562
1056.817,0.72410544,0.72425654,0.72465312,0.72484706,0.72479853,0.72460555,0.72375821,0.72359649,0.72404434,0.7241009,0.7248839,0.72542633,0.72631995,0.72697436,0.72774678,0.72907976,0.73184003,0.73443208,0.73747014,0.73985264,0.74302879,0.74779723,0.75161137,0.75666584,0.76161778,0.76702727,0.77203682,0.7762944,0.77630726,0.7679091,0.75162924,0.73342917,0.71473938,0.69345022,0.67325276,0.65224404,0.63216143,0.61247858,0.59273249,0.5748121,0.55716012,0.54062668,0.52522123,0.51071037,0.49826872,0.48830368,0.48092689,0.47563386,0.4713287,0.46947304,0.46841222
1058.746,0.74435114,0.74449024,0.74480272,0.74503776,0.74512403,0.74482665,0.74366581,0.74365279,0.74383974,0.7439598,0.7445056,0.74491553,0.74550835,0.74600506,0.74676848,0.74792906,0.75034133,0.75260758,0.75557184,0.75764954,0.76024319,0.76457523,0.76774417,0.77219834,0.77665048,0.78092927,0.78503932,0.7882976,0.78745566,0.7783314,0.76126624,0.74215857,0.72296968,0.70075732,0.68004546,0.65811174,0.63721483,0.61672978,0.59612299,0.5776122,0.55945762,0.54237988,0.52664823,0.51177597,0.49917792,0.48882398,0.48149869,0.47592006,0.4714615,0.46951004,0.46843572
1060.674,0.76526984,0.76532914,0.76587352,0.76602886,0.76581863,0.76516305,0.76422351,0.76395959,0.76422424,0.7640891,0.7644613,0.76488823,0.76547835,0.76575976,0.76620308,0.76730606,0.76973253,0.77138998,0.77401374,0.77574704,0.77777819,0.78162913,0.78427307,0.78803624,0.79151758,0.79524657,0.79817712,0.8005175,0.79866386,0.7887264,0.77107044,0.75118707,0.73114708,0.70794742,0.68632176,0.66372184,0.64187573,0.62059408,0.59963059,0.5803806,0.56167632,0.54433798,0.52828223,0.51307567,0.50012982,0.48976828,0.48225009,0.47646056,0.4719035,0.46975434,0.46856742
1062.603,0.78698654,0.78693864,0.78744182,0.78759856,0.78743873,0.78658585,0.78534011,0.78493969,0.78501494,0.7847693,0.7850846,0.78497653,0.78553185,0.78534026,0.78571128,0.78668186,0.78831313,0.79010118,0.79246664,0.79368654,0.79499139,0.79860253,0.80058517,0.80362904,0.80627638,0.80915657,0.81126692,0.8123473,0.80959386,0.7993189,0.78047114,0.75989667,0.73892608,0.71508492,0.69269446,0.66922104,0.64655703,0.62461488,0.60282579,0.582931,0.56384272,0.54610578,0.52954343,0.51411057,0.50102352,0.49042508,0.48263129,0.47682596,0.4721861,0.47001114,0.46872662
1064.531,0.80845354,0.80815634,0.80858042,0.80897566,0.80851343,0.80767885,0.80616491,0.80554999,0.80524764,0.8049208,0.8051802,0.80509663,0.80549055,0.80491656,0.80497158,0.80571496,0.80735393,0.80860778,0.81042234,0.81119324,0.81251849,0.81543223,0.81669267,0.81909944,0.82105738,0.82309527,0.82439802,0.8247549,0.82096996,0.809556,0.79019554,0.76891997,0.74704888,0.72247772,0.69894936,0.67469674,0.65129333,0.62834208,0.60588539,0.5853545,0.56568102,0.54749798,0.53072773,0.51501717,0.50163602,0.49088228,0.48303579,0.47708596,0.4724192,0.47015884,0.46879372
1066.46,0.82758344,0.82778524,0.82814092,0.82827876,0.82790553,0.82706455,0.82526321,0.82463779,0.82441774,0.8240276,0.8239966,0.82384623,0.82377155,0.82330616,0.82302338,0.82348616,0.82495263,0.82621348,0.82774444,0.82817574,0.82906479,0.83145333,0.83231447,0.83403694,0.83556478,0.83683457,0.83722932,0.8368246,0.83227416,0.8199485,0.79979374,0.77770147,0.75503658,0.72939982,0.70516116,0.67989314,0.65564013,0.63196518,0.60875069,0.5876658,0.56755172,0.54879198,0.53178753,0.51593627,0.50240502,0.49174568,0.48367879,0.47775206,0.4729578,0.47064204,0.46920152
1068.388,0.84679964,0.84699324,0.84729972,0.84718196,0.84685043,0.84572815,0.84394971,0.84284289,0.84270794,0.8420899,0.8418518,0.84154733,0.84163555,0.84098286,0.84067488,0.84063416,0.84210543,0.84282968,0.84420164,0.84412304,0.84448909,0.84680713,0.84737657,0.84838204,0.84924018,0.85012367,0.84968502,0.848509,0.84330566,0.8300914,0.80936334,0.78618877,0.76258098,0.73607952,0.71088186,0.68478114,0.65946133,0.63509218,0.61113709,0.5893968,0.56881692,0.54988428,0.53268013,0.51667127,0.50302762,0.49226298,0.48419319,0.47820536,0.4734128,0.47104994,0.46960052
1070.317,0.86575204,0.86548364,0.86591502,0.86605366,0.86556453,0.86420195,0.86225611,0.86140129,0.86088854,0.8601355,0.8601334,0.85957063,0.85934585,0.85841556,0.85806228,0.85811196,0.85920113,0.85978618,0.86073134,0.86048624,0.86059479,0.86234093,0.86232157,0.86304024,0.86318818,0.86330437,0.86239272,0.8603766,0.85440756,0.8408819,0.81870034,0.79485967,0.77011898,0.74262802,0.71635146,0.68930144,0.66317063,0.63778258,0.61323809,0.5908834,0.56979842,0.55060278,0.53317193,0.51703167,0.50335712,0.49254328,0.48445979,0.47850296,0.4737791,0.47145024,0.46995032
1072.245,0.88401504,0.88417454,0.88442362,0.88460996,0.88389273,0.88252735,0.88061281,0.87955229,0.87928584,0.8783526,0.8781683,0.87753373,0.87728145,0.87630166,0.87584548,0.87525196,0.87612983,0.87678868,0.87765974,0.87684954,0.87677509,0.87787273,0.87737717,0.87738404,0.87715838,0.87664657,0.87521502,0.8724534,0.86544876,0.8511914,0.82800024,0.80303367,0.77732908,0.74886662,0.72169046,0.69347624,0.66639463,0.64028498,0.61496369,0.5921187,0.57060622,0.55114918,0.53357593,0.51745027,0.50375352,0.49311158,0.48512179,0.47918966,0.4744287,0.47206344,0.47047962
1074.174,0.90440644,0.90434894,0.90464082,0.90434726,0.90370633,0.90191645,0.89975581,0.89882649,0.89803884,0.8970508,0.8967029,0.89613063,0.89546225,0.89430006,0.89363808,0.89313216,0.89387313,0.89388428,0.89455654,0.89340984,0.89281899,0.89344823,0.89268407,0.89203684,0.89123718,0.88970627,0.88707532,0.8837992,0.87611336,0.8608929,0.83686674,0.81096347,0.78407848,0.75459012,0.72623366,0.69699994,0.66900593,0.64222028,0.61623119,0.5928616,0.57100922,0.55138548,0.53377303,0.51764437,0.50401012,0.49326938,0.48534409,0.47956416,0.4748711,0.47256694,0.47110642
1076.102,0.92611224,0.92598604,0.92626112,0.92589436,0.92510333,0.92308525,0.92057031,0.91970129,0.91834224,0.9175172,0.9166282,0.91617663,0.91527585,0.91388076,0.91289738,0.91222946,0.91263183,0.91223668,0.91280374,0.91113224,0.90975249,0.91018353,0.90865227,0.90738624,0.90543668,0.90326267,0.89983952,0.8953723,0.88695426,0.8705778,0.84560804,0.81851227,0.79071898,0.76005592,0.73046586,0.70042694,0.67150633,0.64375868,0.61727399,0.5934176,0.57117962,0.55120288,0.53355873,0.51728747,0.50381542,0.49318058,0.48553339,0.47976336,0.475085,0.47284274,0.47141012
1078.031,0.94895424,0.94859904,0.94849612,0.94782836,0.94711233,0.94524155,0.94242921,0.94053189,0.93959494,0.9387003,0.9378028,0.93672423,0.93560455,0.93375976,0.93289748,0.93176406,0.93218613,0.93143728,0.93140274,0.92955844,0.92781559,0.92730533,0.92525997,0.92290914,0.92024158,0.91717967,0.91273102,0.9071909,0.89734496,0.8805313,0.85407384,0.82624037,0.79726328,0.76546722,0.73497766,0.70379064,0.67405903,0.64549638,0.61823189,0.5938274,0.57147572,0.55145598,0.53353033,0.51751757,0.50421672,0.49355948,0.48590949,0.48025506,0.4756411,0.47338864,0.47199092
1079.959,0.97302324,0.97215504,0.97193612,0.97145536,0.97025433,0.96794155,0.96494021,0.96332189,0.96197894,0.9605313,0.9593648,0.95838423,0.95685155,0.95498076,0.95326648,0.95201406,0.95207213,0.95096628,0.95030974,0.94804244,0.94555859,0.94468233,0.94140397,0.93839864,0.93493018,0.93068367,0.92474452,0.9181005,0.90725626,0.889346,0.86195724,0.83299057,0.80302058,0.77027612,0.73874666,0.70661144,0.67597723,0.64672758,0.61876379,0.5941962,0.57145702,0.55135238,0.53355923,0.51746477,0.50421642,0.49369928,0.48616609,0.48058486,0.4761055,0.47388394,0.47241992
1081.888,0.99786224,0.99714204,0.99698412,0.99617736,0.99481933,0.99206055,0.98907821,0.98684589,0.98519094,0.9836543,0.9823068,0.98078823,0.97913455,0.97695976,0.97528648,0.97374306,0.97320213,0.97168228,0.97057974,0.96759944,0.96455659,0.96276933,0.95847897,0.95464564,0.95007318,0.94465867,0.93757052,0.9296221,0.91747866,0.8984213,0.87042284,0.84032927,0.80942508,0.77559202,0.74306226,0.70993254,0.67821293,0.64832178,0.61988419,0.594716,0.57167482,0.55139528,0.53354873,0.51744737,0.50430642,0.49391948,0.48639929,0.48091226,0.47656,0.47442854,0.47307832
1083.816,1.02203024,1.02131004,1.02063912,1.01998436,1.01852033,1.01562555,1.01203121,1.00975389,1.00813394,1.0064443,1.0049048,1.00295223,1.00122155,0.99852976,0.99665248,0.99457006,0.99389413,0.99192128,0.99053074,0.98686644,0.98325159,0.98035633,0.97562697,0.97104164,0.96489418,0.95816767,0.94993052,0.9406711,0.92727886,0.9074379,0.87834874,0.84748987,0.81545428,0.78054632,0.74724926,0.71321194,0.68080993,0.65011848,0.62105129,0.5953496,0.57199102,0.55159788,0.53368733,0.51772817,0.50455682,0.49434318,0.48708979,0.48167716,0.4773412,0.47528324,0.47390902
1085.745,1.04586824,1.04467004,1.04457112,1.04306836,1.04156733,1.03857955,1.03467221,1.03206489,1.02989694,1.0280623,1.0264778,1.02444323,1.02235255,1.01924476,1.01687148,1.01459506,1.01340613,1.01134728,1.00913874,1.00470844,1.00049059,0.99725833,0.99167697,0.98565564,0.97855818,0.97051867,0.96121352,0.9504651,0.93612886,0.9153636,0.88550964,0.85383087,0.82080588,0.78545652,0.75095836,0.71623184,0.68316973,0.65174738,0.62246529,0.5961763,0.57253502,0.55197098,0.53411903,0.51817007,0.50513372,0.49493708,0.48775339,0.48260896,0.4783299,0.47636984,0.47493332
1087.673,1.06837924,1.06685804,1.06639812,1.06534736,1.06323833,1.06021955,1.05614021,1.05321689,1.05136694,1.0491413,1.0469668,1.04528123,1.04285955,1.03956076,1.03678048,1.03358406,1.03196413,1.02944328,1.02707174,1.02202644,1.01699059,1.01285533,1.00628297,0.99925764,0.99131118,0.98230767,0.97158252,0.9596951,0.94392886,0.9227526,0.89266134,0.85997417,0.82634908,0.79021622,0.75497876,0.71956254,0.68570013,0.65380278,0.62367319,0.5971401,0.57342612,0.55250298,0.53455873,0.51852817,0.50551042,0.49548638,0.48855529,0.48334306,0.4793511,0.47741844,0.47593362
1089.602,1.08686824,1.08580104,1.08520212,1.08367636,1.08188833,1.07878255,1.07406121,1.07156889,1.06877894,1.0668343,1.0644968,1.06227423,1.05952255,1.05594976,1.05292848,1.04959306,1.04789113,1.04479028,1.04194474,1.03637244,1.03095559,1.02619333,1.01877397,1.01101964,1.00190118,0.99194567,0.97996552,0.9671821,0.95114986,0.9292517,0.89845904,0.86546247,0.83151338,0.79461592,0.75884606,0.72287674,0.68844593,0.65601898,0.62525959,0.5984697,0.57429752,0.55332278,0.53538843,0.51943947,0.50646742,0.49661848,0.48970919,0.48476146,0.4807231,0.47874164,0.47737092
1091.53,1.10185524,1.10071904,1.09993712,1.09841636,1.09672733,1.09310155,1.08856621,1.08550689,1.08294994,1.0807233,1.0782968,1.07570023,1.07226755,1.06847176,1.06561148,1.06182206,1.05946013,1.05654528,1.05264274,1.04669144,1.04038059,1.03520033,1.02708197,1.01847864,1.00888018,0.99854167,0.98624452,0.9727651,0.95579886,0.9338847,0.90256994,0.86918857,0.83510718,0.79808932,0.76208516,0.72539754,0.69081123,0.65783268,0.62688649,0.5999098,0.57539302,0.55436768,0.53629083,0.52032127,0.50747832,0.49776188,0.49094419,0.48615756,0.482223,0.48044314,0.47905762
1093.459,1.11290324,1.11111304,1.11040912,1.10884836,1.10692833,1.10327655,1.09828021,1.09525889,1.09250494,1.0902213,1.0874478,1.08457823,1.08104455,1.07707176,1.07326848,1.06931706,1.06659113,1.06273028,1.05918774,1.05256544,1.04577159,1.04029633,1.03192997,1.02305064,1.01318518,1.00207267,0.98979252,0.9760341,0.95958786,0.9374057,0.90585364,0.87269567,0.83799978,0.80071552,0.76474786,0.72796624,0.69297153,0.65977918,0.62853689,0.6010969,0.57646662,0.55526368,0.53709073,0.52120077,0.50843132,0.49889768,0.49216369,0.48747566,0.4836609,0.48192624,0.48064212
1095.387,1.11607624,1.11379504,1.11292312,1.11122536,1.10934333,1.10560455,1.10018721,1.09678489,1.09441994,1.0915263,1.0884348,1.08561323,1.08234455,1.07788876,1.07364348,1.06932106,1.06623213,1.06291428,1.05838974,1.05161944,1.04482659,1.03935033,1.03116497,1.02180664,1.01233318,1.00209967,0.98998052,0.9770601,0.96095186,0.9391147,0.90807644,0.87446997,0.84022168,0.80286922,0.76666276,0.73007454,0.69478253,0.66140128,0.63006259,0.6024327,0.57770932,0.55636048,0.53819293,0.52229387,0.50965592,0.50016908,0.49367819,0.48918216,0.4854087,0.48377474,0.48242642
1097.316,1.11059924,1.10860804,1.10752612,1.10549036,1.10343533,1.09952455,1.09408321,1.09060589,1.08771794,1.0846283,1.0817478,1.07766123,1.07418155,1.06951176,1.06533848,1.06107506,1.05790213,1.05363228,1.04965474,1.04345044,1.03653759,1.03142133,1.02326997,1.01500364,1.00608218,0.99658967,0.98594152,0.9746131,0.95962886,0.9383967,0.90733094,0.87435357,0.84031838,0.80328222,0.76740526,0.73079584,0.69571403,0.66243208,0.63099999,0.6033698,0.57868182,0.55751468,0.53943063,0.52345247,0.51101392,0.50164438,0.49534079,0.49095176,0.4873273,0.48572074,0.48430712
1099.244,1.09562224,1.09381604,1.09216512,1.09029436,1.08817933,1.08416755,1.07888621,1.07504789,1.07220794,1.0691053,1.0657748,1.06156323,1.05799655,1.05312576,1.04881848,1.04452706,1.04092313,1.03726628,1.03344074,1.02725744,1.02123059,1.01686233,1.00988897,1.00283064,0.99581318,0.98784567,0.97924152,0.9695921,0.95664086,0.9361637,0.90559464,0.87276737,0.83934418,0.80261492,0.76700736,0.73061124,0.69599953,0.66274298,0.63156789,0.6040276,0.57934582,0.55819908,0.54015853,0.52437117,0.51204862,0.50281658,0.49665159,0.49235926,0.488847,0.48729344,0.48600882
1101.173,1.06939924,1.06720604,1.06575312,1.06379736,1.06173733,1.05763755,1.05248021,1.04938489,1.04610894,1.0427533,1.0400608,1.03581023,1.03237255,1.02755176,1.02353948,1.01935806,1.01644013,1.01319328,1.00989374,1.00488944,0.99984859,0.99672333,0.99117497,0.98601864,0.98057318,0.97528167,0.96901452,0.9622021,0.95121486,0.9317487,0.90181834,0.86975367,0.83669208,0.80056312,0.76549406,0.72973124,0.69550203,0.66268398,0.63170679,0.604435,0.57989052,0.55888618,0.54095343,0.52541987,0.51337902,0.50433958,0.49827379,0.49411636,0.4906613,0.48914404,0.48785152
1103.101,1.03344324,1.03150904,1.03037512,1.02867436,1.02675433,1.02315055,1.01809621,1.01536989,1.01249394,1.0095923,1.0068468,1.00328423,0.99958955,0.99538876,0.99198348,0.98835506,0.98605813,0.98363128,0.98116874,0.97724944,0.97365259,0.97203833,0.96852297,0.96545464,0.96272118,0.95961267,0.95588652,0.9520701,0.94364986,0.9252097,0.89598174,0.86459297,0.83213718,0.79674662,0.76240826,0.72749904,0.69382533,0.66159708,0.63120289,0.6042553,0.58016392,0.55930558,0.54163763,0.52641797,0.51453452,0.50569408,0.49981629,0.49577766,0.4923683,0.49094654,0.48956222
1105.03,0.99211024,0.99083904,0.98973712,0.98838336,0.98683733,0.98379455,0.97986121,0.97750289,0.97522294,0.9729963,0.9705238,0.96772023,0.96476155,0.96126176,0.95834748,0.95523006,0.95365713,0.95209828,0.95090874,0.94852944,0.94658859,0.94642033,0.94485197,0.94367164,0.94332518,0.94292467,0.94195452,0.9406371,0.93417486,0.9171491,0.88863384,0.85786367,0.82624838,0.79193372,0.75822666,0.72406744,0.69105973,0.65962828,0.62974219,0.6033922,0.57971882,0.55937938,0.54195203,0.52677687,0.51514182,0.50661378,0.50074139,0.49683866,0.4935952,0.49217144,0.49082482
1106.958,0.94892824,0.94825304,0.94786812,0.94668536,0.94594433,0.94372255,0.94080921,0.93912889,0.93739094,0.9359443,0.9340708,0.93190623,0.92987155,0.92694676,0.92493848,0.92281406,0.92228963,0.92152188,0.92124434,0.91996644,0.91967549,0.92102353,0.92137797,0.92214184,0.92368198,0.92586767,0.92712652,0.9279871,0.92357496,0.9072504,0.87965734,0.84987907,0.81914958,0.78581692,0.75311146,0.72002584,0.68786753,0.65728268,0.62805109,0.6023915,0.57931092,0.55939168,0.54230933,0.52753827,0.51613342,0.50764878,0.50208079,0.49821736,0.4950096,0.49343204,0.49211472
1108.887,0.90967084,0.90921854,0.90934092,0.90866606,0.90831393,0.90683745,0.90457481,0.90346879,0.90263734,0.90155,0.9005061,0.89903693,0.89766675,0.89562276,0.89389298,0.89281256,0.89294733,0.89309518,0.89360654,0.89349304,0.89416059,0.89673043,0.89883247,0.90089184,0.90398848,0.90798227,0.91115422,0.913672,0.91093646,0.8956322,0.86886914,0.84009217,0.81034688,0.77788052,0.74637276,0.71428464,0.68326853,0.65386838,0.62563819,0.6008121,0.57835872,0.55891678,0.54237093,0.52809907,0.51677642,0.50854488,0.50308849,0.49941086,0.4962127,0.49471604,0.49332002
1110.815,0.87556674,0.87557594,0.87576702,0.87574686,0.87590013,0.87497585,0.87320161,0.87274019,0.87236784,0.871713,0.8711196,0.87021863,0.86933455,0.86796446,0.86686938,0.86623176,0.86669213,0.86742208,0.86875144,0.86953024,0.87108499,0.87434713,0.87740657,0.88105374,0.88546848,0.89020197,0.89462552,0.8989346,0.89694336,0.8825079,0.85698854,0.82887237,0.80034628,0.76898532,0.73884456,0.70782904,0.67800583,0.64978318,0.62256509,0.5986453,0.57688262,0.55819558,0.54208823,0.52804037,0.51714412,0.50902288,0.50381039,0.50009846,0.496999,0.49545434,0.49393882
1112.744,0.84646894,0.84670004,0.84726772,0.84749906,0.84814713,0.84752655,0.84641731,0.84610189,0.84597424,0.845763,0.8457956,0.84518313,0.84483945,0.84347676,0.84301948,0.84300766,0.84356013,0.84488498,0.84661714,0.84794184,0.85001849,0.85404393,0.85776517,0.86191194,0.86697828,0.87302797,0.87796672,0.8830221,0.88187266,0.8683422,0.84379034,0.81689177,0.78949038,0.75946532,0.73039586,0.70092954,0.67247313,0.64542538,0.61939489,0.5963471,0.57555372,0.55755638,0.54203633,0.52847637,0.51772722,0.50997318,0.50481259,0.50119846,0.4980275,0.49651874,0.49506032
1114.672,0.82275694,0.82310394,0.82392952,0.82427886,0.82504153,0.82452135,0.82367771,0.82380719,0.82396664,0.8238094,0.8241061,0.82361693,0.82360965,0.82255076,0.82240048,0.82240176,0.82338463,0.82478938,0.82671404,0.82827694,0.83057399,0.83514143,0.83900817,0.84348904,0.84905078,0.85501817,0.86071262,0.8659845,0.86501286,0.8521997,0.82852874,0.80312187,0.77708518,0.74850102,0.72088316,0.69285834,0.66586583,0.64030858,0.61552889,0.5937843,0.57395002,0.55678268,0.54187423,0.52861717,0.51833212,0.51079208,0.50577229,0.50229016,0.4992243,0.49776224,0.49621432
1116.601,0.80371394,0.80433174,0.80511092,0.80563666,0.80629793,0.80623565,0.80541851,0.80552549,0.80585424,0.8059392,0.8060707,0.80595713,0.80565855,0.80485426,0.80481018,0.80500736,0.80610963,0.80743348,0.80941054,0.81094764,0.81303039,0.81758933,0.82159667,0.82597504,0.83138368,0.83734087,0.84263182,0.8475382,0.84687956,0.8345121,0.81241194,0.78827397,0.76356918,0.73651322,0.71048106,0.68427194,0.65879103,0.63472758,0.61140759,0.5908863,0.57200772,0.55556128,0.54121653,0.52859557,0.51860912,0.51126218,0.50652609,0.50308866,0.5000505,0.49863634,0.49712982
1118.529,0.78794444,0.78877064,0.78945792,0.79019416,0.79080033,0.79080595,0.79029721,0.79018249,0.79063674,0.7907592,0.7911071,0.79083193,0.79065665,0.79011316,0.79000128,0.79013906,0.79110403,0.79236728,0.79427714,0.79545204,0.79747039,0.80159893,0.80507287,0.80929444,0.81422958,0.81941877,0.82412782,0.8282931,0.82717486,0.8157066,0.79473824,0.77224697,0.74929718,0.72387612,0.69976726,0.67510854,0.65151043,0.62895798,0.60724509,0.587985,0.57028162,0.55472268,0.54121613,0.52898657,0.51933402,0.51229918,0.50768039,0.50440726,0.5014786,0.50008544,0.49864672
1120.458,0.77574774,0.77651824,0.77727332,0.77805836,0.77865743,0.77836995,0.77778791,0.77794619,0.77834304,0.7786341,0.7786852,0.77836613,0.77837425,0.77744336,0.77732578,0.77727376,0.77804413,0.77897898,0.78057064,0.78129844,0.78281529,0.78650723,0.78931257,0.79270344,0.79675168,0.80077377,0.80422222,0.80708,0.80498226,0.7941454,0.77481594,0.75421857,0.73308688,0.70986962,0.68744086,0.66505524,0.64321223,0.62257678,0.60247289,0.5846588,0.56807232,0.55344328,0.54069493,0.52904117,0.51995262,0.51313138,0.50877419,0.50559196,0.5028136,0.50148634,0.50005002
1122.386,0.76679494,0.76766984,0.76844992,0.76910106,0.76985733,0.76965575,0.76906621,0.76907709,0.76946184,0.7695025,0.7696097,0.76914873,0.76911985,0.76812256,0.76776788,0.76732906,0.76775393,0.76832078,0.76911214,0.76943474,0.77042979,0.77290703,0.77495607,0.77710014,0.77966808,0.78206367,0.78353302,0.7844271,0.78092846,0.77045,0.75313254,0.73460927,0.71568938,0.69466552,0.67458786,0.65429084,0.63467963,0.61585738,0.59738299,0.5809001,0.56555672,0.55191588,0.53991413,0.52882837,0.52015372,0.51361448,0.50951939,0.50661986,0.5039109,0.50268854,0.50123062
1124.315,0.76089644,0.76167424,0.76251202,0.76309266,0.76390783,0.76391235,0.76327821,0.76304199,0.76340694,0.7633047,0.7633529,0.76311583,0.76273075,0.76157826,0.76100708,0.76027346,0.76028233,0.76031548,0.76048354,0.75992704,0.75998079,0.76138103,0.76212487,0.76278854,0.76347808,0.76365577,0.76248892,0.7603008,0.75469846,0.74496,0.72959464,0.71353687,0.69706398,0.67866352,0.66097236,0.64297664,0.62564963,0.60865838,0.59211929,0.5771594,0.56308572,0.55062148,0.53926933,0.52888947,0.52066642,0.51454328,0.51059629,0.50792946,0.5053539,0.50418884,0.50286192
